{
    "type": "form",
    "config": {
        "uuid": "1d1936b0-de79-46df-8dfa-5c5b91657fbf",
        "form": {
            "uuid": "41a6713f-cd49-4034-b05c-9146cc06b315",
            "name": "Main Form",
            "languages": [
                {
                    "languageCode": "en",
                    "formTitle": "Lead Form",
                    "isPrimary": true,
                    "translations": [
                        {
                            "profileUuid": "008f71e0-e92c-4d9f-be97-c9ed996cd6a0",
                            "validationRule": "{\"required\":true}",
                            "fieldKey": "single_select",
                            "label": "single select label",
                            "placeholder": "single select placeholder",
                            "type": "select",
                            "settings": {
                                "data": {
                                    "key1": "label 1",
                                    "key2": "label 2",
                                    "key3": "label 3",
                                    "key4": "label 4",
                                    "key5": "label 5",
                                    "key6": "label 6",
                                    "key7": "label 7"
                                },
                                "multiple": false
                            }
                        },
                        {
                            "profileUuid": "008f71e0-e92c-4d9f-be97-c9ed996cd6a0",
                            "validationRule": "{\"required\":true,\"min\":\"3\"}",
                            "fieldKey": "multiple_select",
                            "label": "multiple select label",
                            "placeholder": "multiple select placeholder",
                            "type": "select",
                            "settings": {
                                "data": {
                                    "key1": "label 1",
                                    "key2": "label 2",
                                    "key3": "label 3",
                                    "key4": "label 4",
                                    "key5": "label 5",
                                    "key6": "label 6",
                                    "key7": "label 7"
                                },
                                "multiple": true
                            }
                        },
                        {
                            "profileUuid": "a04ba4f9-d12a-49bc-bc1c-f33907c75887",
                            "validationRule": null,
                            "fieldKey": "date",
                            "label": "date label",
                            "placeholder": "date placeholder",
                            "type": "date",
                            "settings": null
                        },
                        {
                            "profileUuid": "18511782-de77-49e3-9a8a-7a8b500b79eb",
                            "validationRule": "{\"required\":true,\"min\":\"3\"}",
                            "fieldKey": "textarea",
                            "label": "Text area label",
                            "placeholder": "Text area placeholder",
                            "type": "textarea",
                            "settings": null
                        },
                        {
                            "profileUuid": "740b62af-2949-4475-a0e8-03910e5c5ce7",
                            "validationRule": "{\"required\":true }",
                            "fieldKey": "phone",
                            "label": "Phone label",
                            "placeholder": "phone placeholder",
                            "type": "phone",
                            "settings": null
                        },
                        {
                            "profileUuid": "2d31798c-a45b-4e3a-8037-feaef28be1ae",
                            "validationRule": null,
                            "fieldKey": "email",
                            "label": "email label",
                            "placeholder": "email placeholder",
                            "type": "email",
                            "settings": null
                        },
                        {
                            "profileUuid": "28deef8e-18d0-449f-933f-2dd0efee8a48",
                            "validationRule": null,
                            "fieldKey": "password",
                            "label": "Password label",
                            "placeholder": "Password placeholder",
                            "type": "password",
                            "settings": null
                        },
                        {
                            "profileUuid": "9c9b2dd4-3cd7-4f87-8853-1721555941a2",
                            "validationRule": null,
                            "fieldKey": "text",
                            "label": "text label",
                            "placeholder": "text placeholder",
                            "type": "text",
                            "settings": null
                        },
                        {
                            "profileUuid": "1c9b2dd4-3jd7-4f87-9853-2721555941b3",
                            "validationRule": null,
                            "fieldKey": "number",
                            "label": "Number label",
                            "placeholder": "Number placeholder",
                            "type": "number",
                            "settings": null
                        },
                        {
                            "profileUuid": "240f31fa-ab6b-4ede-9e95-578e04e5fcf9",
                            "validationRule": null,
                            "fieldKey": "checkbox",
                            "label": "checkbox label",
                            "placeholder": "checkbox placehoder",
                            "type": "checkbox",
                            "settings": null
                        },
                        {
                            "profileUuid": "008f71e0-e92c-4d9f-be97-c9ed996cd6a0",
                            "validationRule": "{\"required\":true}",
                            "fieldKey": "radio",
                            "label": "radio label",
                            "placeholder": "radio placeholder",
                            "type": "radio",
                            "settings": {
                                "data": {
                                    "key1": "label 1",
                                    "key2": "label 2",
                                    "key3": "label 3",
                                    "key4": "label 4",
                                    "key5": "label 5",
                                    "key6": "label 6",
                                    "key7": "label 7"
                                }
                            }
                        },
                        {
                            "profileUuid": null,
                            "validationRule": null,
                            "fieldKey": "submit_button",
                            "label": "Go!",
                            "placeholder": "Submit",
                            "type": "submit",
                            "settings": null
                        }
                    ]
                }
            ],
            "createdAt": 1671196806706,
            "updatedAt": 1671196806706
        },
        "country": "GB"
    }
}